category,fail_rate,sd_human_pass_rate
1_1,0.036842105,0.113371891
1_2,0.010526316,0.03068922
2_1,0.147368421,0.160159201
2_2,0.021052632,0.052102605
2_3,0.136842105,0.152903569
2_4,0.194736842,0.208941403
3_1,0.368421053,0.238531983
3_2,0.152631579,0.190203274
3_3,0.268421053,0.183683456
3_4,0.073684211,0.090856192
3_5,0.5,0.217642875
3_6,0.015789474,0.036464228
3_7,0.078947368,0.139845582
3_8,0.431578947,0.271550386
3_9,0.131578947,0.122700455
